Workbook

Sheet ВАЖНО
A1: ВАЖНО | HODLClub
A3: Цялото съдържание е с образователна цел единствено.
A5: Не е финансов съвет. | C5: Нищо в тези материали не представлява финансов съвет, инвестиционна препоръка или подкана за покупка или продажба на криптовалути, ценни книжа или друг финансов инструмент.
A6: Висок риск. | C6: Инвестициите в криптовалути са свързани с висок риск. Стойността им може да спадне значително или до нула. Може да загубите целия инвестиран капитал.
A7: Правете собствено проучване (DYOR). | C7: Преди всяко инвестиционно решение правете собствено проучване и при нужда се консултирайте с лицензиран финансов консултант.
A8: Без отговорност. | C8: HODLClub не носи отговорност за финансови загуби или решения, взети въз основа на информацията в тези материали.
A9: Само за образование. | C9: Всички примери, числа и сценарии са хипотетични и служат единствено за илюстративни и образователни цели.
A11: © HODLClub 2025 | hodlclub.bg | Курс: "Крипто инвестиции за начинаещи"

Sheet ЖУРНАЛ
A1: КРИПТО ЖУРНАЛ — ДНЕВНИК НА СДЕЛКИТЕ | HODLClub
A2: Попълвай след всяка сделка. Автоматично се изчислява P&L и Win Rate.
A3: # | B3: ДАТА | C3: МОНЕТА | D3: БОРСА / ПЛАТФОРМА | E3: ПОСОКА | F3: КОЛИЧЕСТВО | G3: ЦЕНА ПОКУПКА | H3: ЦЕНА ПРОДАЖБА | I3: ИНВЕСТИЦИЯ | J3: СТОЙНОСТ | K3: ТАКСИ | L3: P&L (USD) | M3: P&L (%) | N3: СТРАТЕГИЯ | O3: ЕМОЦИЯ ПРЕДИ | P3: ЕМОЦИЯ СЛЕД | Q3: ПРИЧИНА / ПЛАН | R3: ПОУЧЕНИЕ / БЕЛЕЖКИ
A4: 1 | I4: =IF(AND(F4<>"",G4<>""),F4*G4,"") | J4: =IF(AND(F4<>"",H4<>""),F4*H4,"") | L4: =IF(AND(I4<>"",J4<>""),J4-I4-IF(K4<>"",K4,0),"") | M4: =IF(AND(L4<>"",I4<>"",I4<>0),L4/I4*100,"")
A5: 2 | I5: =IF(AND(F5<>"",G5<>""),F5*G5,"") | J5: =IF(AND(F5<>"",H5<>""),F5*H5,"") | L5: =IF(AND(I5<>"",J5<>""),J5-I5-IF(K5<>"",K5,0),"") | M5: =IF(AND(L5<>"",I5<>"",I5<>0),L5/I5*100,"")
A6: 3 | I6: =IF(AND(F6<>"",G6<>""),F6*G6,"") | J6: =IF(AND(F6<>"",H6<>""),F6*H6,"") | L6: =IF(AND(I6<>"",J6<>""),J6-I6-IF(K6<>"",K6,0),"") | M6: =IF(AND(L6<>"",I6<>"",I6<>0),L6/I6*100,"")
A7: 4 | I7: =IF(AND(F7<>"",G7<>""),F7*G7,"") | J7: =IF(AND(F7<>"",H7<>""),F7*H7,"") | L7: =IF(AND(I7<>"",J7<>""),J7-I7-IF(K7<>"",K7,0),"") | M7: =IF(AND(L7<>"",I7<>"",I7<>0),L7/I7*100,"")
A8: 5 | I8: =IF(AND(F8<>"",G8<>""),F8*G8,"") | J8: =IF(AND(F8<>"",H8<>""),F8*H8,"") | L8: =IF(AND(I8<>"",J8<>""),J8-I8-IF(K8<>"",K8,0),"") | M8: =IF(AND(L8<>"",I8<>"",I8<>0),L8/I8*100,"")
A9: 6 | I9: =IF(AND(F9<>"",G9<>""),F9*G9,"") | J9: =IF(AND(F9<>"",H9<>""),F9*H9,"") | L9: =IF(AND(I9<>"",J9<>""),J9-I9-IF(K9<>"",K9,0),"") | M9: =IF(AND(L9<>"",I9<>"",I9<>0),L9/I9*100,"")
A10: 7 | I10: =IF(AND(F10<>"",G10<>""),F10*G10,"") | J10: =IF(AND(F10<>"",H10<>""),F10*H10,"") | L10: =IF(AND(I10<>"",J10<>""),J10-I10-IF(K10<>"",K10,0),"") | M10: =IF(AND(L10<>"",I10<>"",I10<>0),L10/I10*100,"")
A11: 8 | I11: =IF(AND(F11<>"",G11<>""),F11*G11,"") | J11: =IF(AND(F11<>"",H11<>""),F11*H11,"") | L11: =IF(AND(I11<>"",J11<>""),J11-I11-IF(K11<>"",K11,0),"") | M11: =IF(AND(L11<>"",I11<>"",I11<>0),L11/I11*100,"")
A12: 9 | I12: =IF(AND(F12<>"",G12<>""),F12*G12,"") | J12: =IF(AND(F12<>"",H12<>""),F12*H12,"") | L12: =IF(AND(I12<>"",J12<>""),J12-I12-IF(K12<>"",K12,0),"") | M12: =IF(AND(L12<>"",I12<>"",I12<>0),L12/I12*100,"")
A13: 10 | I13: =IF(AND(F13<>"",G13<>""),F13*G13,"") | J13: =IF(AND(F13<>"",H13<>""),F13*H13,"") | L13: =IF(AND(I13<>"",J13<>""),J13-I13-IF(K13<>"",K13,0),"") | M13: =IF(AND(L13<>"",I13<>"",I13<>0),L13/I13*100,"")
A14: 11 | I14: =IF(AND(F14<>"",G14<>""),F14*G14,"") | J14: =IF(AND(F14<>"",H14<>""),F14*H14,"") | L14: =IF(AND(I14<>"",J14<>""),J14-I14-IF(K14<>"",K14,0),"") | M14: =IF(AND(L14<>"",I14<>"",I14<>0),L14/I14*100,"")
A15: 12 | I15: =IF(AND(F15<>"",G15<>""),F15*G15,"") | J15: =IF(AND(F15<>"",H15<>""),F15*H15,"") | L15: =IF(AND(I15<>"",J15<>""),J15-I15-IF(K15<>"",K15,0),"") | M15: =IF(AND(L15<>"",I15<>"",I15<>0),L15/I15*100,"")
... A103: 100 | I103: =IF(AND(F103<>"",G103<>""),F103*G103,"") | J103: =IF(AND(F103<>"",H103<>""),F103*H103,"") | L103: =IF(AND(I103<>"",J103<>""),J103-I103-IF(K103<>"",K103,0),"") | M103: =IF(AND(L103<>"",I103<>"",I103<>0),L103/I103*100,"")
A105: ОБЩО: | L105: =SUM(L4:L103) | M105: =IF(COUNTIF(L4:L103,"<>"&"")>0,COUNTIF(L4:L103,">0")/COUNTIF(L4:L103,"<>"&"")*100,"") | N105: % Win Rate

Sheet ПОРТФЕЙЛ
A1: ПОРТФЕЙЛ — ТЕКУЩИ ПОЗИЦИИ | HODLClub
A2: ДАТА НА СНАПШОТА:
A3: # | B3: МОНЕТА | C3: БОРСА / ПОРТФЕЙЛ | D3: МРЕЖА | E3: КОЛИЧЕСТВО | F3: СР. ЦЕНА ПОКУПКА | G3: ТЕКУЩА ЦЕНА | H3: ИНВЕСТИЦИЯ (USD) | I3: СТОЙНОСТ (USD) | J3: P&L (USD) | K3: P&L (%)
A4: 1 | H4: =IF(AND(E4<>"",F4<>""),E4*F4,"") | I4: =IF(AND(E4<>"",G4<>""),E4*G4,"") | J4: =IF(AND(H4<>"",I4<>""),I4-H4,"") | K4: =IF(AND(J4<>"",H4<>"",H4<>0),J4/H4*100,"")
A5: 2 | H5: =IF(AND(E5<>"",F5<>""),E5*F5,"") | I5: =IF(AND(E5<>"",G5<>""),E5*G5,"") | J5: =IF(AND(H5<>"",I5<>""),I5-H5,"") | K5: =IF(AND(J5<>"",H5<>"",H5<>0),J5/H5*100,"")
A6: 3 | H6: =IF(AND(E6<>"",F6<>""),E6*F6,"") | I6: =IF(AND(E6<>"",G6<>""),E6*G6,"") | J6: =IF(AND(H6<>"",I6<>""),I6-H6,"") | K6: =IF(AND(J6<>"",H6<>"",H6<>0),J6/H6*100,"")
A7: 4 | H7: =IF(AND(E7<>"",F7<>""),E7*F7,"") | I7: =IF(AND(E7<>"",G7<>""),E7*G7,"") | J7: =IF(AND(H7<>"",I7<>""),I7-H7,"") | K7: =IF(AND(J7<>"",H7<>"",H7<>0),J7/H7*100,"")
A8: 5 | H8: =IF(AND(E8<>"",F8<>""),E8*F8,"") | I8: =IF(AND(E8<>"",G8<>""),E8*G8,"") | J8: =IF(AND(H8<>"",I8<>""),I8-H8,"") | K8: =IF(AND(J8<>"",H8<>"",H8<>0),J8/H8*100,"")
A9: 6 | H9: =IF(AND(E9<>"",F9<>""),E9*F9,"") | I9: =IF(AND(E9<>"",G9<>""),E9*G9,"") | J9: =IF(AND(H9<>"",I9<>""),I9-H9,"") | K9: =IF(AND(J9<>"",H9<>"",H9<>0),J9/H9*100,"")
A10: 7 | H10: =IF(AND(E10<>"",F10<>""),E10*F10,"") | I10: =IF(AND(E10<>"",G10<>""),E10*G10,"") | J10: =IF(AND(H10<>"",I10<>""),I10-H10,"") | K10: =IF(AND(J10<>"",H10<>"",H10<>0),J10/H10*100,"")
A11: 8 | H11: =IF(AND(E11<>"",F11<>""),E11*F11,"") | I11: =IF(AND(E11<>"",G11<>""),E11*G11,"") | J11: =IF(AND(H11<>"",I11<>""),I11-H11,"") | K11: =IF(AND(J11<>"",H11<>"",H11<>0),J11/H11*100,"")
A12: 9 | H12: =IF(AND(E12<>"",F12<>""),E12*F12,"") | I12: =IF(AND(E12<>"",G12<>""),E12*G12,"") | J12: =IF(AND(H12<>"",I12<>""),I12-H12,"") | K12: =IF(AND(J12<>"",H12<>"",H12<>0),J12/H12*100,"")
A13: 10 | H13: =IF(AND(E13<>"",F13<>""),E13*F13,"") | I13: =IF(AND(E13<>"",G13<>""),E13*G13,"") | J13: =IF(AND(H13<>"",I13<>""),I13-H13,"") | K13: =IF(AND(J13<>"",H13<>"",H13<>0),J13/H13*100,"")
A14: 11 | H14: =IF(AND(E14<>"",F14<>""),E14*F14,"") | I14: =IF(AND(E14<>"",G14<>""),E14*G14,"") | J14: =IF(AND(H14<>"",I14<>""),I14-H14,"") | K14: =IF(AND(J14<>"",H14<>"",H14<>0),J14/H14*100,"")
A15: 12 | H15: =IF(AND(E15<>"",F15<>""),E15*F15,"") | I15: =IF(AND(E15<>"",G15<>""),E15*G15,"") | J15: =IF(AND(H15<>"",I15<>""),I15-H15,"") | K15: =IF(AND(J15<>"",H15<>"",H15<>0),J15/H15*100,"")
... A28: 25 | H28: =IF(AND(E28<>"",F28<>""),E28*F28,"") | I28: =IF(AND(E28<>"",G28<>""),E28*G28,"") | J28: =IF(AND(H28<>"",I28<>""),I28-H28,"") | K28: =IF(AND(J28<>"",H28<>"",H28<>0),J28/H28*100,"")
A30: ОБЩО: | H30: =SUM(H4:H28) | I30: =SUM(I4:I28) | J30: =SUM(J4:J28) | K30: =IF(H30<>0,J30/H30*100,"")
A33: РАЗПРЕДЕЛЕНИЕ ПО ПЛАТФОРМИ:
A34: BINANCE | B34: BYBIT | C34: LEDGER | D34: TREZOR | E34: TANGEM | F34: ДРУГО

Sheet МЕСЕЧЕН ОБЗОР
A1: МЕСЕЧЕН ОБЗОР | HODLClub
A3: МЕСЕЦ | B3: М# | C3: СДЕЛКИ | D3: ПЕЧЕЛИВШИ | E3: ГУБЕЩИ | F3: P&L (USD) | G3: WIN RATE % | H3: ОБЩО % | I3: БЕЛЕЖКИ
A4: Януари | B4: 1 | C4: =SUMPRODUCT((MONTH(ЖУРНАЛ!$B$4:ЖУРНАЛ!$B$103)=B4)*(ЖУРНАЛ!$B$4:ЖУРНАЛ!$B$103<>"")) | D4: =SUMPRODUCT((MONTH(ЖУРНАЛ!$B$4:ЖУРНАЛ!$B$103)=B4)*(ЖУРНАЛ!$L$4:ЖУРНАЛ!$L$103>0)) | E4: =SUMPRODUCT((MONTH(ЖУРНАЛ!$B$4:ЖУРНАЛ!$B$103)=B4)*(ЖУРНАЛ!$L$4:ЖУРНАЛ!$L$103<0)) | F4: =SUMPRODUCT((MONTH(ЖУРНАЛ!$B$4:ЖУРНАЛ!$B$103)=B4)*IF(ЖУРНАЛ!$L$4:ЖУРНАЛ!$L$103<>"",ЖУРНАЛ!$L$4:ЖУРНАЛ!$L$103,0)) | G4: =IF(C4>0,D4/C4*100,"")
A5: Февруари | B5: 2 | C5: =SUMPRODUCT((MONTH(ЖУРНАЛ!$B$4:ЖУРНАЛ!$B$103)=B5)*(ЖУРНАЛ!$B$4:ЖУРНАЛ!$B$103<>"")) | D5: =SUMPRODUCT((MONTH(ЖУРНАЛ!$B$4:ЖУРНАЛ!$B$103)=B5)*(ЖУРНАЛ!$L$4:ЖУРНАЛ!$L$103>0)) | E5: =SUMPRODUCT((MONTH(ЖУРНАЛ!$B$4:ЖУРНАЛ!$B$103)=B5)*(ЖУРНАЛ!$L$4:ЖУРНАЛ!$L$103<0)) | F5: =SUMPRODUCT((MONTH(ЖУРНАЛ!$B$4:ЖУРНАЛ!$B$103)=B5)*IF(ЖУРНАЛ!$L$4:ЖУРНАЛ!$L$103<>"",ЖУРНАЛ!$L$4:ЖУРНАЛ!$L$103,0)) | G5: =IF(C5>0,D5/C5*100,"")
A6: Март | B6: 3 | C6: =SUMPRODUCT((MONTH(ЖУРНАЛ!$B$4:ЖУРНАЛ!$B$103)=B6)*(ЖУРНАЛ!$B$4:ЖУРНАЛ!$B$103<>"")) | D6: =SUMPRODUCT((MONTH(ЖУРНАЛ!$B$4:ЖУРНАЛ!$B$103)=B6)*(ЖУРНАЛ!$L$4:ЖУРНАЛ!$L$103>0)) | E6: =SUMPRODUCT((MONTH(ЖУРНАЛ!$B$4:ЖУРНАЛ!$B$103)=B6)*(ЖУРНАЛ!$L$4:ЖУРНАЛ!$L$103<0)) | F6: =SUMPRODUCT((MONTH(ЖУРНАЛ!$B$4:ЖУРНАЛ!$B$103)=B6)*IF(ЖУРНАЛ!$L$4:ЖУРНАЛ!$L$103<>"",ЖУРНАЛ!$L$4:ЖУРНАЛ!$L$103,0)) | G6: =IF(C6>0,D6/C6*100,"")
A7: Април | B7: 4 | C7: =SUMPRODUCT((MONTH(ЖУРНАЛ!$B$4:ЖУРНАЛ!$B$103)=B7)*(ЖУРНАЛ!$B$4:ЖУРНАЛ!$B$103<>"")) | D7: =SUMPRODUCT((MONTH(ЖУРНАЛ!$B$4:ЖУРНАЛ!$B$103)=B7)*(ЖУРНАЛ!$L$4:ЖУРНАЛ!$L$103>0)) | E7: =SUMPRODUCT((MONTH(ЖУРНАЛ!$B$4:ЖУРНАЛ!$B$103)=B7)*(ЖУРНАЛ!$L$4:ЖУРНАЛ!$L$103<0)) | F7: =SUMPRODUCT((MONTH(ЖУРНАЛ!$B$4:ЖУРНАЛ!$B$103)=B7)*IF(ЖУРНАЛ!$L$4:ЖУРНАЛ!$L$103<>"",ЖУРНАЛ!$L$4:ЖУРНАЛ!$L$103,0)) | G7: =IF(C7>0,D7/C7*100,"")
A8: Май | B8: 5 | C8: =SUMPRODUCT((MONTH(ЖУРНАЛ!$B$4:ЖУРНАЛ!$B$103)=B8)*(ЖУРНАЛ!$B$4:ЖУРНАЛ!$B$103<>"")) | D8: =SUMPRODUCT((MONTH(ЖУРНАЛ!$B$4:ЖУРНАЛ!$B$103)=B8)*(ЖУРНАЛ!$L$4:ЖУРНАЛ!$L$103>0)) | E8: =SUMPRODUCT((MONTH(ЖУРНАЛ!$B$4:ЖУРНАЛ!$B$103)=B8)*(ЖУРНАЛ!$L$4:ЖУРНАЛ!$L$103<0)) | F8: =SUMPRODUCT((MONTH(ЖУРНАЛ!$B$4:ЖУРНАЛ!$B$103)=B8)*IF(ЖУРНАЛ!$L$4:ЖУРНАЛ!$L$103<>"",ЖУРНАЛ!$L$4:ЖУРНАЛ!$L$103,0)) | G8: =IF(C8>0,D8/C8*100,"")
A9: Юни | B9: 6 | C9: =SUMPRODUCT((MONTH(ЖУРНАЛ!$B$4:ЖУРНАЛ!$B$103)=B9)*(ЖУРНАЛ!$B$4:ЖУРНАЛ!$B$103<>"")) | D9: =SUMPRODUCT((MONTH(ЖУРНАЛ!$B$4:ЖУРНАЛ!$B$103)=B9)*(ЖУРНАЛ!$L$4:ЖУРНАЛ!$L$103>0)) | E9: =SUMPRODUCT((MONTH(ЖУРНАЛ!$B$4:ЖУРНАЛ!$B$103)=B9)*(ЖУРНАЛ!$L$4:ЖУРНАЛ!$L$103<0)) | F9: =SUMPRODUCT((MONTH(ЖУРНАЛ!$B$4:ЖУРНАЛ!$B$103)=B9)*IF(ЖУРНАЛ!$L$4:ЖУРНАЛ!$L$103<>"",ЖУРНАЛ!$L$4:ЖУРНАЛ!$L$103,0)) | G9: =IF(C9>0,D9/C9*100,"")
A10: Юли | B10: 7 | C10: =SUMPRODUCT((MONTH(ЖУРНАЛ!$B$4:ЖУРНАЛ!$B$103)=B10)*(ЖУРНАЛ!$B$4:ЖУРНАЛ!$B$103<>"")) | D10: =SUMPRODUCT((MONTH(ЖУРНАЛ!$B$4:ЖУРНАЛ!$B$103)=B10)*(ЖУРНАЛ!$L$4:ЖУРНАЛ!$L$103>0)) | E10: =SUMPRODUCT((MONTH(ЖУРНАЛ!$B$4:ЖУРНАЛ!$B$103)=B10)*(ЖУРНАЛ!$L$4:ЖУРНАЛ!$L$103<0)) | F10: =SUMPRODUCT((MONTH(ЖУРНАЛ!$B$4:ЖУРНАЛ!$B$103)=B10)*IF(ЖУРНАЛ!$L$4:ЖУРНАЛ!$L$103<>"",ЖУРНАЛ!$L$4:ЖУРНАЛ!$L$103,0)) | G10: =IF(C10>0,D10/C10*100,"")
A11: Август | B11: 8 | C11: =SUMPRODUCT((MONTH(ЖУРНАЛ!$B$4:ЖУРНАЛ!$B$103)=B11)*(ЖУРНАЛ!$B$4:ЖУРНАЛ!$B$103<>"")) | D11: =SUMPRODUCT((MONTH(ЖУРНАЛ!$B$4:ЖУРНАЛ!$B$103)=B11)*(ЖУРНАЛ!$L$4:ЖУРНАЛ!$L$103>0)) | E11: =SUMPRODUCT((MONTH(ЖУРНАЛ!$B$4:ЖУРНАЛ!$B$103)=B11)*(ЖУРНАЛ!$L$4:ЖУРНАЛ!$L$103<0)) | F11: =SUMPRODUCT((MONTH(ЖУРНАЛ!$B$4:ЖУРНАЛ!$B$103)=B11)*IF(ЖУРНАЛ!$L$4:ЖУРНАЛ!$L$103<>"",ЖУРНАЛ!$L$4:ЖУРНАЛ!$L$103,0)) | G11: =IF(C11>0,D11/C11*100,"")
A12: Септември | B12: 9 | C12: =SUMPRODUCT((MONTH(ЖУРНАЛ!$B$4:ЖУРНАЛ!$B$103)=B12)*(ЖУРНАЛ!$B$4:ЖУРНАЛ!$B$103<>"")) | D12: =SUMPRODUCT((MONTH(ЖУРНАЛ!$B$4:ЖУРНАЛ!$B$103)=B12)*(ЖУРНАЛ!$L$4:ЖУРНАЛ!$L$103>0)) | E12: =SUMPRODUCT((MONTH(ЖУРНАЛ!$B$4:ЖУРНАЛ!$B$103)=B12)*(ЖУРНАЛ!$L$4:ЖУРНАЛ!$L$103<0)) | F12: =SUMPRODUCT((MONTH(ЖУРНАЛ!$B$4:ЖУРНАЛ!$B$103)=B12)*IF(ЖУРНАЛ!$L$4:ЖУРНАЛ!$L$103<>"",ЖУРНАЛ!$L$4:ЖУРНАЛ!$L$103,0)) | G12: =IF(C12>0,D12/C12*100,"")
A13: Октомври | B13: 10 | C13: =SUMPRODUCT((MONTH(ЖУРНАЛ!$B$4:ЖУРНАЛ!$B$103)=B13)*(ЖУРНАЛ!$B$4:ЖУРНАЛ!$B$103<>"")) | D13: =SUMPRODUCT((MONTH(ЖУРНАЛ!$B$4:ЖУРНАЛ!$B$103)=B13)*(ЖУРНАЛ!$L$4:ЖУРНАЛ!$L$103>0)) | E13: =SUMPRODUCT((MONTH(ЖУРНАЛ!$B$4:ЖУРНАЛ!$B$103)=B13)*(ЖУРНАЛ!$L$4:ЖУРНАЛ!$L$103<0)) | F13: =SUMPRODUCT((MONTH(ЖУРНАЛ!$B$4:ЖУРНАЛ!$B$103)=B13)*IF(ЖУРНАЛ!$L$4:ЖУРНАЛ!$L$103<>"",ЖУРНАЛ!$L$4:ЖУРНАЛ!$L$103,0)) | G13: =IF(C13>0,D13/C13*100,"")
A14: Ноември | B14: 11 | C14: =SUMPRODUCT((MONTH(ЖУРНАЛ!$B$4:ЖУРНАЛ!$B$103)=B14)*(ЖУРНАЛ!$B$4:ЖУРНАЛ!$B$103<>"")) | D14: =SUMPRODUCT((MONTH(ЖУРНАЛ!$B$4:ЖУРНАЛ!$B$103)=B14)*(ЖУРНАЛ!$L$4:ЖУРНАЛ!$L$103>0)) | E14: =SUMPRODUCT((MONTH(ЖУРНАЛ!$B$4:ЖУРНАЛ!$B$103)=B14)*(ЖУРНАЛ!$L$4:ЖУРНАЛ!$L$103<0)) | F14: =SUMPRODUCT((MONTH(ЖУРНАЛ!$B$4:ЖУРНАЛ!$B$103)=B14)*IF(ЖУРНАЛ!$L$4:ЖУРНАЛ!$L$103<>"",ЖУРНАЛ!$L$4:ЖУРНАЛ!$L$103,0)) | G14: =IF(C14>0,D14/C14*100,"")
A15: Декември | B15: 12 | C15: =SUMPRODUCT((MONTH(ЖУРНАЛ!$B$4:ЖУРНАЛ!$B$103)=B15)*(ЖУРНАЛ!$B$4:ЖУРНАЛ!$B$103<>"")) | D15: =SUMPRODUCT((MONTH(ЖУРНАЛ!$B$4:ЖУРНАЛ!$B$103)=B15)*(ЖУРНАЛ!$L$4:ЖУРНАЛ!$L$103>0)) | E15: =SUMPRODUCT((MONTH(ЖУРНАЛ!$B$4:ЖУРНАЛ!$B$103)=B15)*(ЖУРНАЛ!$L$4:ЖУРНАЛ!$L$103<0)) | F15: =SUMPRODUCT((MONTH(ЖУРНАЛ!$B$4:ЖУРНАЛ!$B$103)=B15)*IF(ЖУРНАЛ!$L$4:ЖУРНАЛ!$L$103<>"",ЖУРНАЛ!$L$4:ЖУРНАЛ!$L$103,0)) | G15: =IF(C15>0,D15/C15*100,"")
A17: ГОДИШНО ОБЩО: | C17: =SUM(C4:C15) | D17: =SUM(D4:D15) | E17: =SUM(E4:E15) | F17: =SUM(F4:F15) | G17: =IF(C17>0,D17/C17*100,"")
A19: КЛЮЧОВИ МОМЕНТИ ОТ ГОДИНАТА:
A20: НАЙ-ДОБРА СДЕЛКА:
A21: НАЙ-ЛОША СДЕЛКА:
A22: НАЙ-ВАЖЕН УРОК:
A23: ЦЕЛИ ЗА СЛЕДВАЩАТА ГОДИНА:

Sheet ПСИХОЛОГИЯ
A1: ПСИХОЛОГИЧЕСКИ ТРЕКЕР | HODLClub
A2: Емоциите струват пари. Проследи моделите си — данните не лъжат.
A3: ЕМОЦИЯ | B3: БРОЙ ПРЕДИ | C3: БРОЙ СЛЕД | D3: P&L ПРИ ТАЗИ ЕМОЦИЯ (USD) | E3: ЧЕСТОТА (%) | F3: ЦВ. | G3: ОПИСАНИЕ / СИМПТОМИ
A4: FOMO | B4: =COUNTIF(ЖУРНАЛ!$O$4:ЖУРНАЛ!$O$103,A4) | C4: =COUNTIF(ЖУРНАЛ!$P$4:ЖУРНАЛ!$P$103,A4) | D4: =SUMPRODUCT((ЖУРНАЛ!$O$4:ЖУРНАЛ!$O$103=A4)*IF(ЖУРНАЛ!$L$4:ЖУРНАЛ!$L$103<>"",ЖУРНАЛ!$L$4:ЖУРНАЛ!$L$103,0)) | E4: =IF(SUM($B$4:$B$11)>0,B4/SUM($B$4:$B$11)*100,"") | G4: Влизаш заради страх от пропускане
A5: Страх / Паника | B5: =COUNTIF(ЖУРНАЛ!$O$4:ЖУРНАЛ!$O$103,A5) | C5: =COUNTIF(ЖУРНАЛ!$P$4:ЖУРНАЛ!$P$103,A5) | D5: =SUMPRODUCT((ЖУРНАЛ!$O$4:ЖУРНАЛ!$O$103=A5)*IF(ЖУРНАЛ!$L$4:ЖУРНАЛ!$L$103<>"",ЖУРНАЛ!$L$4:ЖУРНАЛ!$L$103,0)) | E5: =IF(SUM($B$4:$B$11)>0,B5/SUM($B$4:$B$11)*100,"") | G5: Продаваш при спад без план
A6: Алчност | B6: =COUNTIF(ЖУРНАЛ!$O$4:ЖУРНАЛ!$O$103,A6) | C6: =COUNTIF(ЖУРНАЛ!$P$4:ЖУРНАЛ!$P$103,A6) | D6: =SUMPRODUCT((ЖУРНАЛ!$O$4:ЖУРНАЛ!$O$103=A6)*IF(ЖУРНАЛ!$L$4:ЖУРНАЛ!$L$103<>"",ЖУРНАЛ!$L$4:ЖУРНАЛ!$L$103,0)) | E6: =IF(SUM($B$4:$B$11)>0,B6/SUM($B$4:$B$11)*100,"") | G6: Държиш твърде дълго, пропускаш тейк профит
A7: Свръхувереност | B7: =COUNTIF(ЖУРНАЛ!$O$4:ЖУРНАЛ!$O$103,A7) | C7: =COUNTIF(ЖУРНАЛ!$P$4:ЖУРНАЛ!$P$103,A7) | D7: =SUMPRODUCT((ЖУРНАЛ!$O$4:ЖУРНАЛ!$O$103=A7)*IF(ЖУРНАЛ!$L$4:ЖУРНАЛ!$L$103<>"",ЖУРНАЛ!$L$4:ЖУРНАЛ!$L$103,0)) | E7: =IF(SUM($B$4:$B$11)>0,B7/SUM($B$4:$B$11)*100,"") | G7: Влагаш твърде много след поредна печалба
A8: Revenge Trading | B8: =COUNTIF(ЖУРНАЛ!$O$4:ЖУРНАЛ!$O$103,A8) | C8: =COUNTIF(ЖУРНАЛ!$P$4:ЖУРНАЛ!$P$103,A8) | D8: =SUMPRODUCT((ЖУРНАЛ!$O$4:ЖУРНАЛ!$O$103=A8)*IF(ЖУРНАЛ!$L$4:ЖУРНАЛ!$L$103<>"",ЖУРНАЛ!$L$4:ЖУРНАЛ!$L$103,0)) | E8: =IF(SUM($B$4:$B$11)>0,B8/SUM($B$4:$B$11)*100,"") | G8: Отмъстителна сделка след загуба
A9: Скука | B9: =COUNTIF(ЖУРНАЛ!$O$4:ЖУРНАЛ!$O$103,A9) | C9: =COUNTIF(ЖУРНАЛ!$P$4:ЖУРНАЛ!$P$103,A9) | D9: =SUMPRODUCT((ЖУРНАЛ!$O$4:ЖУРНАЛ!$O$103=A9)*IF(ЖУРНАЛ!$L$4:ЖУРНАЛ!$L$103<>"",ЖУРНАЛ!$L$4:ЖУРНАЛ!$L$103,0)) | E9: =IF(SUM($B$4:$B$11)>0,B9/SUM($B$4:$B$11)*100,"") | G9: Търгуваш без сигнал, само за да правиш нещо
A10: Спокоен / Neutral | B10: =COUNTIF(ЖУРНАЛ!$O$4:ЖУРНАЛ!$O$103,A10) | C10: =COUNTIF(ЖУРНАЛ!$P$4:ЖУРНАЛ!$P$103,A10) | D10: =SUMPRODUCT((ЖУРНАЛ!$O$4:ЖУРНАЛ!$O$103=A10)*IF(ЖУРНАЛ!$L$4:ЖУРНАЛ!$L$103<>"",ЖУРНАЛ!$L$4:ЖУРНАЛ!$L$103,0)) | E10: =IF(SUM($B$4:$B$11)>0,B10/SUM($B$4:$B$11)*100,"") | G10: Решение взето рационално по план
A11: Друго | B11: =COUNTIF(ЖУРНАЛ!$O$4:ЖУРНАЛ!$O$103,A11) | C11: =COUNTIF(ЖУРНАЛ!$P$4:ЖУРНАЛ!$P$103,A11) | D11: =SUMPRODUCT((ЖУРНАЛ!$O$4:ЖУРНАЛ!$O$103=A11)*IF(ЖУРНАЛ!$L$4:ЖУРНАЛ!$L$103<>"",ЖУРНАЛ!$L$4:ЖУРНАЛ!$L$103,0)) | E11: =IF(SUM($B$4:$B$11)>0,B11/SUM($B$4:$B$11)*100,"")
A14: МОИТЕ СКЪПИ ЕМОЦИОНАЛНИ ГРЕШКИ:
A15: ГРЕШКА #1:
A16: ГРЕШКА #2:
A17: ГРЕШКА #3:
A18: ГРЕШКА #4:
A19: ГРЕШКА #5:
A21: АНАЛИЗ: Емоцията с НАЙ-СКЪП P&L: | D21: =IF(COUNTIF(D4:D11,"<>"&"")>0,INDEX(A4:A11,MATCH(MIN(D4:D11),D4:D11,0)),"")

Sheet ГОДИШЕН ПРЕГЛЕД
A1: ГОДИШЕН ПРЕГЛЕД | HODLClub
A3: ОБЩА ЕФЕКТИВНОСТ (AUTO)
A4: Общ P&L (USD) | E4: =МЕСЕЧЕН\ ОБЗОР!F17
A5: Общо сделки | E5: =МЕСЕЧЕН\ ОБЗОР!C17
A6: Печеливши сделки | E6: =МЕСЕЧЕН\ ОБЗОР!D17
A7: Губещи сделки | E7: =МЕСЕЧЕН\ ОБЗОР!E17
A8: Win Rate (%) | E8: =МЕСЕЧЕН\ ОБЗОР!G17
A9: Най-добър месец P&L | E9: =MAX('МЕСЕЧЕН ОБЗОР'!F4:F15)
A10: Най-лош месец P&L | E10: =MIN('МЕСЕЧЕН ОБЗОР'!F4:F15)
A11: Общо такси платени | E11: =SUM('ЖУРНАЛ'!K4:K103)
A14: НАЙ-ВАЖНИТЕ 3 УРОКА ОТ ТАЗИ ГОДИНА:
A19: КАКВО ЩЕ ПРАВЯ РАЗЛИЧНО СЛЕДВАЩАТА ГОДИНА:
A24: СТРАТЕГИЧЕСКИ ЦЕЛИ ЗА СЛЕДВАЩАТА ГОДИНА:
A30: ПРОМЕНИ В РИСК МЕНИДЖМЪНТА:
A34: БЕЛЕЖКИ:
A40: ВАЖНО: | C40: Цялото съдържание е с образователна цел единствено и не представлява финансов съвет или инвестиционна препоръка. Инвестициите в криптовалути носят висок риск — стойността им може да спадне до нула. HODLClub не носи отговорност за финансови загуби. Вижте листа "ВАЖНО" за повече информация.
